content,sentiment,split,topic,time
这个展览很好，讲解清楚，我很喜欢。,positive,train,虚构展览体验,2025-01-01 08:00:00
服务很棒，工作人员耐心，值得推荐。,positive,train,虚构展览体验,2025-01-01 09:00:00
环境不错，参观方便，整体满意。,positive,train,虚构展览体验,2025-01-01 10:00:00
互动设计优秀，孩子玩得开心。,positive,train,虚构展览体验,2025-01-01 11:00:00
标识清晰，体验顺畅，值得支持。,positive,train,虚构展览体验,2025-01-01 12:00:00
工作人员热情，展品精美，给个赞。,positive,train,虚构展览体验,2025-01-01 13:00:00
排队很久，服务差，真让人失望。,negative,train,虚构展览体验,2025-01-01 14:00:00
设备坏了，体验糟糕，浪费时间。,negative,train,虚构展览体验,2025-01-01 15:00:00
讲解不清楚，声音太小，难以听懂。,negative,train,虚构展览体验,2025-01-01 16:00:00
现场混乱，指引不足，我不满意。,negative,train,虚构展览体验,2025-01-01 17:00:00
票价贵，内容少，这次很后悔。,negative,train,虚构展览体验,2025-01-01 18:00:00
预约出错，等待太慢，让人生气。,negative,train,虚构展览体验,2025-01-01 19:00:00
展览在上午九点开始，入口在东侧。,neutral,train,虚构展览体验,2025-01-01 20:00:00
本次参观分为三个区域。,neutral,train,虚构展览体验,2025-01-01 21:00:00
我今天下午到场，登记后领取了地图。,neutral,train,虚构展览体验,2025-01-01 22:00:00
公告写着每周一闭馆。,neutral,train,虚构展览体验,2025-01-01 23:00:00
工作人员介绍了开放时间和路线。,neutral,train,虚构展览体验,2025-01-02 00:00:00
出口旁边放有活动说明册。,neutral,train,虚构展览体验,2025-01-02 01:00:00
讲解员很耐心，体验很棒。,positive,validation,虚构展览体验,2025-01-02 02:00:00
展厅布置精美，我很满意。,positive,validation,虚构展览体验,2025-01-02 03:00:00
预约方便，活动值得推荐。,positive,validation,虚构展览体验,2025-01-02 04:00:00
秩序混乱，参观体验差。,negative,validation,虚构展览体验,2025-01-02 05:00:00
设备故障没有解决，让我失望。,negative,validation,虚构展览体验,2025-01-02 06:00:00
等候太久，流程复杂，很不满意。,negative,validation,虚构展览体验,2025-01-02 07:00:00
地图标出了二层展厅的位置。,neutral,validation,虚构展览体验,2025-01-02 08:00:00
讲解活动每隔一小时开始。,neutral,validation,虚构展览体验,2025-01-02 09:00:00
我在入口领取了参观证。,neutral,validation,虚构展览体验,2025-01-02 10:00:00
路线安排顺畅，服务值得点赞。,positive,test,虚构展览体验,2025-01-02 11:00:00
展品介绍清楚，参观很开心。,positive,test,虚构展览体验,2025-01-02 12:00:00
这次活动不错，下次还想参加。,positive,test,虚构展览体验,2025-01-02 13:00:00
入口指示错误，来回寻找很生气。,negative,test,虚构展览体验,2025-01-02 14:00:00
展厅拥挤吵闹，体验糟糕。,negative,test,虚构展览体验,2025-01-02 15:00:00
预约系统很慢，白白浪费时间。,negative,test,虚构展览体验,2025-01-02 16:00:00
展览共设有两个出入口。,neutral,test,虚构展览体验,2025-01-02 17:00:00
参观人员需要出示预约记录。,neutral,test,虚构展览体验,2025-01-02 18:00:00
今天的讲解安排在下午三点。,neutral,test,虚构展览体验,2025-01-02 19:00:00
